Data Source,Content Summary,Financial Sentiment,Publication Date,Query Term,Sentiment Score
News,FAU Study: Hotels Must Rethink Loyalty as AI Agents Take Over Travel Planning Th...,POSITIVE,2025-09-11 12:07,AI in engineering,1
News,ZenaTech Announces the Acquisition of Lescure Engineers Inc. Expanding Drone as ...,POSITIVE,2025-09-11 12:01,AI in engineering,1
News,12 Essential Lessons for Building AI Agents Discover the free Microsoft course t...,POSITIVE,2025-09-11 12:00,AI in engineering,1
News,"iPhone 17 Pro vs. iPhone Air: Does power beat design? They cost almost the same,...",POSITIVE,2025-09-11 12:00,AI in engineering,1
News,Absci Accelerates AI-Driven Drug Discovery with Oracle and AMD Performance and s...,POSITIVE,2025-09-11 12:00,AI in engineering,1
News,"Trump’s Formula to Conquer the Economy, and Everything Else Trumponomics isn’t a...",NEGATIVE,2025-09-11 12:00,AI in engineering,-1
News,"Investment Research: The AI Agent is Dead, Long Live the AI Agent! (Indra Choura...",POSITIVE,2025-09-11 11:53,AI in engineering,1
News,"Zen, Neos carry out 400 Gbps upgrade between Manchester and London Strategic col...",POSITIVE,2025-09-11 11:48,AI in engineering,1
News,5 Best Tech Gadgets of September 2025 5 Best Tech Gadgets of September 2025Septe...,POSITIVE,2025-09-11 11:40,AI in engineering,1
News,Revival: Americans Heading Back to the Hinterlands This is the second of a two-p...,POSITIVE,2025-09-11 11:33,AI in engineering,1
